{
  "version": 1,
  "author": "Anonymous maker",
  "editor": "wokwi",
  "parts": [
    { "type": "wokwi-esp32-devkit-v1", "id": "esp", "top": 0, "left": 0, "attrs": {} },
    { "type": "wokwi-microsd-card", "id": "sd1", "top": -90.42, "left": 12.36, "attrs": {} }
  ],
  "connections": [
    [ "esp:TX0", "$serialMonitor:RX", "", [] ],
    [ "esp:RX0", "$serialMonitor:TX", "", [] ],
    [ "esp:3V3", "sd1:VCC", "green", [ "v2.23", "h8.2", "v-204.67" ] ],
    [ "esp:GND.1", "sd1:GND", "black", [ "h20.87", "v1.73" ] ],
    [ "esp:D5", "sd1:CS", "green", [ "h27.53", "v1.43" ] ],
    [ "esp:D23", "sd1:DO", "green", [ "h36.2", "v0.07" ] ],
    [ "esp:D18", "sd1:SCK", "green", [ "h52.2", "v-3.63" ] ],
    [ "esp:D19", "sd1:DI", "green", [ "h62.2", "v-2.13" ] ]
  ],
  "dependencies": {}
}